det_-1005_0_0,752.5,1822.55,0.0
det_-1005_0_1,859.26,1854.98,111.58
det_-1005_1_0,751.57,1825.61,0.0
det_-1005_1_1,858.33,1858.04,111.58
det_-1005_2_0,750.64,1828.68,0.0
det_-1005_2_1,857.4,1861.1,111.58
det_-1011_0_0,768.25,2072.91,0.0
det_-1011_0_1,852.82,1888.09,203.25
det_-1011_1_0,771.16,2074.24,0.0
det_-1011_1_1,855.73,1889.42,203.25
det_-1011_2_0,774.07,2075.58,0.0
det_-1011_2_1,858.64,1890.75,203.25
det_-1027_0_0,586.99,1709.31,0.0
det_-1027_0_1,601.63,1507.49,202.35
det_-1027_1_0,590.18,1709.54,0.0
det_-1027_1_1,604.82,1507.72,202.35
det_-1027_2_0,593.38,1709.77,0.0
det_-1027_2_1,608.01,1507.95,202.35
det_-1029_0_0,728.6,1824.02,0.0
det_-1029_0_1,648.04,1707.6,141.57
det_-1029_1_0,731.23,1822.2,0.0
det_-1029_1_1,650.67,1705.78,141.57
det_-1029_2_0,733.86,1820.37,0.0
det_-1029_2_1,653.31,1703.96,141.57
det_-1033_0_0,736.23,806.7,0.0
det_-1033_0_1,652.78,830.56,86.79
det_-1033_1_0,735.35,803.63,0.0
det_-1033_1_1,651.9,827.48,86.79
det_-1033_2_0,734.47,800.55,0.0
det_-1033_2_1,651.03,824.41,86.79
det_-1057_0_0,1460.24,1087.68,0.0
det_-1057_0_1,1255.67,1012.67,217.89
det_-1057_1_0,1461.34,1084.68,0.0
det_-1057_1_1,1256.77,1009.66,217.89
det_-1057_2_0,1462.44,1081.67,0.0
det_-1057_2_1,1257.87,1006.66,217.89
det_-1093_0_0,651.82,1943.59,0.0
det_-1093_0_1,728.36,1831.07,136.08
det_-1093_1_0,654.47,1945.39,0.0
det_-1093_1_1,731.0,1832.87,136.08
det_-1093_2_0,657.11,1947.19,0.0
det_-1093_2_1,733.65,1834.67,136.08
det_-11_0_0,731.22,1567.3,0.0
det_-11_0_1,864.29,1526.0,139.33
det_-11_1_0,732.17,1570.35,0.0
det_-11_1_1,865.23,1529.06,139.33
det_-11_2_0,733.11,1573.41,0.0
det_-11_2_1,866.18,1532.12,139.33
det_-116_0_0,1047.25,1233.7,0.0
det_-116_0_1,978.81,1336.24,123.28
det_-116_1_0,1044.59,1231.93,0.0
det_-116_1_1,976.15,1334.47,123.28
det_-116_2_0,1041.93,1230.15,0.0
det_-116_2_1,973.49,1332.69,123.28
det_-117_0_0,871.21,1182.7,0.0
det_-117_0_1,787.55,1175.58,83.96
det_-117_1_0,871.48,1179.51,0.0
det_-117_1_1,787.82,1172.39,83.96
det_-117_2_0,871.75,1176.32,0.0
det_-117_2_1,788.09,1169.2,83.96
det_-119_0_0,660.49,1194.99,0.0
det_-119_0_1,753.31,1162.57,98.32
det_-119_1_0,661.54,1198.01,0.0
det_-119_1_1,754.37,1165.59,98.32
det_-119_2_0,662.59,1201.03,0.0
det_-119_2_1,755.42,1168.62,98.32
det_-1199_0_0,601.32,1825.23,0.0
det_-1199_0_1,588.15,1735.99,90.2
det_-1199_1_0,604.49,1824.76,0.0
det_-1199_1_1,591.32,1735.53,90.2
det_-1199_2_0,607.66,1824.29,0.0
det_-1199_2_1,594.48,1735.06,90.2
det_-1201_0_0,401.83,1738.15,0.0
det_-1201_0_1,579.87,1715.39,179.5
det_-1201_1_0,402.23,1741.33,0.0
det_-1201_1_1,580.28,1718.56,179.5
det_-1201_2_0,402.64,1744.5,0.0
det_-1201_2_1,580.69,1721.73,179.5
det_-121_0_0,1122.51,1329.59,0.0
det_-121_0_1,1264.5,1444.8,182.85
det_-121_1_0,1120.49,1332.08,0.0
det_-121_1_1,1262.48,1447.28,182.85
det_-121_2_0,1118.48,1334.56,0.0
det_-121_2_1,1260.47,1449.77,182.85
det_-123_0_0,1328.68,1330.27,0.0
det_-123_0_1,1288.49,1449.47,125.8
det_-123_1_0,1325.65,1329.24,0.0
det_-123_1_1,1285.46,1448.45,125.8
det_-123_2_0,1322.62,1328.22,0.0
det_-123_2_1,1282.43,1447.43,125.8
det_-125_0_0,1386.91,1593.62,0.0
det_-125_0_1,1276.65,1476.96,160.52
det_-125_1_0,1389.23,1591.43,0.0
det_-125_1_1,1278.97,1474.76,160.52
det_-125_2_0,1391.56,1589.23,0.0
det_-125_2_1,1281.3,1472.56,160.52
det_-126_0_0,1394.23,1614.74,0.0
det_-126_0_1,1232.29,1713.32,189.58
det_-126_1_0,1392.56,1612.01,0.0
det_-126_1_1,1230.62,1710.59,189.58
det_-126_2_0,1390.9,1609.28,0.0
det_-126_2_1,1228.96,1707.85,189.58
det_-128_0_0,1217.32,1816.13,0.0
det_-128_0_1,1205.96,1741.43,75.56
det_-128_1_0,1220.48,1815.65,0.0
det_-128_1_1,1209.12,1740.95,75.56
det_-128_2_0,1223.65,1815.17,0.0
det_-128_2_1,1212.29,1740.47,75.56
det_-13_0_0,930.9,1350.94,0.0
det_-13_0_1,846.13,1317.22,91.23
det_-13_1_0,932.08,1347.97,0.0
det_-13_1_1,847.31,1314.24,91.23
det_-13_2_0,933.27,1344.99,0.0
det_-13_2_1,848.49,1311.27,91.23
det_-1323_0_0,729.3,573.8,0.0
det_-1323_0_1,751.96,782.4,209.83
det_-1323_1_0,726.12,574.14,0.0
det_-1323_1_1,748.78,782.74,209.83
det_-1323_2_0,722.94,574.49,0.0
det_-1323_2_1,745.6,783.09,209.83
det_-1342_0_0,745.89,2081.6,0.0
det_-1342_0_1,646.85,1983.48,139.41
det_-1342_1_0,748.14,2079.32,0.0
det_-1342_1_1,649.1,1981.2,139.41
det_-1342_2_0,750.39,2077.05,0.0
det_-1342_2_1,651.36,1978.93,139.41
det_-1343_0_0,617.18,1823.03,0.0
det_-1343_0_1,645.76,1942.48,122.82
det_-1343_1_0,614.07,1823.78,0.0
det_-1343_1_1,642.65,1943.23,122.82
det_-1343_2_0,610.95,1824.52,0.0
det_-1343_2_1,639.54,1943.97,122.82
det_-1345_0_0,576.65,2110.97,0.0
det_-1345_0_1,743.86,2087.68,168.82
det_-1345_1_0,577.09,2114.14,0.0
det_-1345_1_1,744.3,2090.85,168.82
det_-1345_2_0,577.53,2117.31,0.0
det_-1345_2_1,744.74,2094.02,168.82
det_-1357_0_0,1212.1,768.88,0.0
det_-1357_0_1,1136.26,686.05,112.3
det_-1357_1_0,1214.46,766.72,0.0
det_-1357_1_1,1138.62,683.89,112.3
det_-1357_2_0,1216.82,764.56,0.0
det_-1357_2_1,1140.98,681.73,112.3
det_-1359_0_0,907.86,663.0,0.0
det_-1359_0_1,734.74,570.13,196.46
det_-1359_1_0,909.37,660.18,0.0
det_-1359_1_1,736.25,567.31,196.46
det_-1359_2_0,910.89,657.36,0.0
det_-1359_2_1,737.77,564.49,196.46
det_-1363_0_0,664.61,400.72,0.0
det_-1363_0_1,716.88,526.71,136.4
det_-1363_1_0,661.65,401.95,0.0
det_-1363_1_1,713.92,527.94,136.4
det_-1363_2_0,658.7,403.18,0.0
det_-1363_2_1,710.97,529.16,136.4
det_-1373_0_0,823.39,367.31,0.0
det_-1373_0_1,737.37,534.3,187.84
det_-1373_1_0,820.55,365.84,0.0
det_-1373_1_1,734.52,532.83,187.84
det_-1373_2_0,817.7,364.38,0.0
det_-1373_2_1,731.68,531.37,187.84
det_-138_0_0,1046.71,1821.33,0.0
det_-138_0_1,1189.88,1721.8,174.36
det_-138_1_0,1048.54,1823.96,0.0
det_-138_1_1,1191.7,1724.43,174.36
det_-138_2_0,1050.36,1826.58,0.0
det_-138_2_1,1193.53,1727.06,174.36
det_-1388_0_0,1775.79,2055.55,0.0
det_-1388_0_1,1642.3,2016.74,139.02
det_-1388_1_0,1776.68,2052.48,0.0
det_-1388_1_1,1643.19,2013.67,139.02
det_-1388_2_0,1777.57,2049.41,0.0
det_-1388_2_1,1644.08,2010.6,139.02
det_-1391_0_0,1785.74,2035.63,0.0
det_-1391_0_1,1773.25,1909.17,127.08
det_-1391_1_0,1788.92,2035.32,0.0
det_-1391_1_1,1776.43,1908.85,127.08
det_-1391_2_0,1792.11,2035.0,0.0
det_-1391_2_1,1779.62,1908.54,127.08
det_-1396_0_0,570.57,2006.08,0.0
det_-1396_0_1,570.86,2105.94,99.86
det_-1396_1_0,567.37,2006.09,0.0
det_-1396_1_1,567.66,2105.95,99.86
det_-1396_2_0,564.17,2006.1,0.0
det_-1396_2_1,564.46,2105.96,99.86
det_-1404_0_0,451.14,2205.85,0.0
det_-1404_0_1,551.28,2120.36,131.67
det_-1404_1_0,453.21,2208.28,0.0
det_-1404_1_1,553.36,2122.79,131.67
det_-1404_2_0,455.29,2210.71,0.0
det_-1404_2_1,555.44,2125.23,131.67
det_-1415_0_0,1227.97,986.88,0.0
det_-1415_0_1,1219.05,781.88,205.19
det_-1415_1_0,1231.17,986.75,0.0
det_-1415_1_1,1222.25,781.75,205.19
det_-1415_2_0,1234.36,986.61,0.0
det_-1415_2_1,1225.45,781.61,205.19
det_-1425_0_0,1384.92,654.32,0.0
det_-1425_0_1,1241.68,771.04,184.78
det_-1425_1_0,1382.9,651.84,0.0
det_-1425_1_1,1239.65,768.56,184.78
det_-1425_2_0,1380.88,649.36,0.0
det_-1425_2_1,1237.63,766.08,184.78
det_-1427_0_0,805.3,355.23,0.0
det_-1427_0_1,667.97,393.8,142.63
det_-1427_1_0,804.43,352.15,0.0
det_-1427_1_1,667.11,390.71,142.63
det_-1427_2_0,803.57,349.07,0.0
det_-1427_2_1,666.24,387.63,142.63
det_-1429_0_0,552.09,386.34,0.0
det_-1429_0_1,640.5,382.56,88.48
det_-1429_1_0,552.23,389.54,0.0
det_-1429_1_1,640.63,385.76,88.48
det_-1429_2_0,552.37,392.74,0.0
det_-1429_2_1,640.77,388.96,88.48
det_-1431_0_0,944.37,268.56,0.0
det_-1431_0_1,853.89,332.21,110.62
det_-1431_1_0,942.53,265.95,0.0
det_-1431_1_1,852.05,329.59,110.62
det_-1431_2_0,940.69,263.33,0.0
det_-1431_2_1,850.21,326.97,110.62
det_-1441_0_0,1002.91,387.32,0.0
det_-1441_0_1,852.79,354.12,153.75
det_-1441_1_0,1003.6,384.2,0.0
det_-1441_1_1,853.48,350.99,153.75
det_-1441_2_0,1004.3,381.07,0.0
det_-1441_2_1,854.17,347.87,153.75
det_-1447_0_0,936.43,527.93,0.0
det_-1447_0_1,835.76,367.56,189.35
det_-1447_1_0,939.14,526.23,0.0
det_-1447_1_1,838.47,365.86,189.35
det_-1447_2_0,941.85,524.53,0.0
det_-1447_2_1,841.18,364.16,189.35
det_-1464_0_0,1759.51,2148.75,0.0
det_-1464_0_1,1784.04,2063.78,88.44
det_-1464_1_0,1762.59,2149.64,0.0
det_-1464_1_1,1787.11,2064.67,88.44
det_-1464_2_0,1765.66,2150.53,0.0
det_-1464_2_1,1790.19,2065.56,88.44
det_-1483_0_0,1466.0,540.98,0.0
det_-1483_0_1,1406.52,629.73,106.83
det_-1483_1_0,1463.34,539.2,0.0
det_-1483_1_1,1403.86,627.95,106.83
det_-1483_2_0,1460.68,537.42,0.0
det_-1483_2_1,1401.2,626.17,106.83
det_-1493_0_0,1293.19,500.56,0.0
det_-1493_0_1,1385.96,621.06,152.08
det_-1493_1_0,1290.65,502.51,0.0
det_-1493_1_1,1383.43,623.01,152.08
det_-1493_2_0,1288.11,504.46,0.0
det_-1493_2_1,1380.89,624.96,152.08
det_-1494_0_0,974.19,546.09,0.0
det_-1494_0_1,1123.52,654.2,184.35
det_-1494_1_0,972.32,548.69,0.0
det_-1494_1_1,1121.64,656.8,184.35
det_-1494_2_0,970.44,551.28,0.0
det_-1494_2_1,1119.77,659.39,184.35
det_-1499_0_0,510.56,173.66,0.0
det_-1499_0_1,531.31,368.76,196.2
det_-1499_1_0,507.38,173.99,0.0
det_-1499_1_1,528.12,369.1,196.2
det_-1499_2_0,504.2,174.33,0.0
det_-1499_2_1,524.94,369.44,196.2
det_-15_0_0,783.59,1181.14,0.0
det_-15_0_1,832.27,1290.98,120.15
det_-15_1_0,780.66,1182.43,0.0
det_-15_1_1,829.34,1292.28,120.15
det_-15_2_0,777.74,1183.73,0.0
det_-15_2_1,826.41,1293.57,120.15
det_-1501_0_0,418.58,471.82,0.0
det_-1501_0_1,505.79,401.55,112.0
det_-1501_1_0,420.58,474.31,0.0
det_-1501_1_1,507.8,404.04,112.0
det_-1501_2_0,422.59,476.8,0.0
det_-1501_2_1,509.81,406.53,112.0
det_-1517_0_0,641.44,275.32,0.0
det_-1517_0_1,549.45,380.85,139.99
det_-1517_1_0,639.03,273.22,0.0
det_-1517_1_1,547.04,378.74,139.99
det_-1517_2_0,636.62,271.12,0.0
det_-1517_2_1,544.63,376.64,139.99
det_-1523_0_0,549.61,545.06,0.0
det_-1523_0_1,522.34,416.33,131.59
det_-1523_1_0,552.74,544.4,0.0
det_-1523_1_1,525.47,415.66,131.59
det_-1523_2_0,555.87,543.73,0.0
det_-1523_2_1,528.6,415.0,131.59
det_-1524_0_0,1009.93,366.75,0.0
det_-1524_0_1,955.24,275.6,106.3
det_-1524_1_0,1012.68,365.1,0.0
det_-1524_1_1,957.99,273.95,106.3
det_-1524_2_0,1015.42,363.45,0.0
det_-1524_2_1,960.73,272.3,106.3
det_-1526_0_0,920.32,92.75,0.0
det_-1526_0_1,956.48,240.55,152.16
det_-1526_1_0,917.21,93.51,0.0
det_-1526_1_1,953.37,241.31,152.16
det_-1526_2_0,914.1,94.27,0.0
det_-1526_2_1,950.26,242.07,152.16
det_-1532_0_0,1189.73,257.97,0.0
det_-1532_0_1,972.25,261.45,217.51
det_-1532_1_0,1189.68,254.77,0.0
det_-1532_1_1,972.2,258.25,217.51
det_-1532_2_0,1189.63,251.57,0.0
det_-1532_2_1,972.15,255.05,217.51
det_-1533_0_0,956.65,519.06,0.0
det_-1533_0_1,1016.09,396.24,136.45
det_-1533_1_0,959.53,520.45,0.0
det_-1533_1_1,1018.97,397.63,136.45
det_-1533_2_0,962.41,521.85,0.0
det_-1533_2_1,1021.86,399.03,136.45
det_-1535_0_0,922.17,645.85,0.0
det_-1535_0_1,942.58,557.92,90.26
det_-1535_1_0,925.29,646.57,0.0
det_-1535_1_1,945.7,558.64,90.26
det_-1535_2_0,928.4,647.29,0.0
det_-1535_2_1,948.82,559.37,90.26
det_-17_0_0,976.33,1364.42,0.0
det_-17_0_1,1086.42,1512.63,184.62
det_-17_1_0,973.77,1366.33,0.0
det_-17_1_1,1083.86,1514.54,184.62
det_-17_2_0,971.2,1368.24,0.0
det_-17_2_1,1081.29,1516.45,184.62
det_-1767_0_0,1135.95,656.43,0.0
det_-1767_0_1,1265.69,500.05,203.19
det_-1767_1_0,1138.41,658.47,0.0
det_-1767_1_1,1268.16,502.1,203.19
det_-1767_2_0,1140.87,660.51,0.0
det_-1767_2_1,1270.62,504.14,203.19
det_-1769_0_0,619.83,250.32,0.0
det_-1769_0_1,515.88,170.67,130.95
det_-1769_1_0,621.77,247.77,0.0
det_-1769_1_1,517.82,168.13,130.95
det_-1769_2_0,623.72,245.23,0.0
det_-1769_2_1,519.77,165.59,130.95
det_-1771_0_0,312.54,273.02,0.0
det_-1771_0_1,478.5,153.76,204.37
det_-1771_1_0,314.41,275.62,0.0
det_-1771_1_1,480.37,156.36,204.37
det_-1771_2_0,316.28,278.22,0.0
det_-1771_2_1,482.23,158.96,204.37
det_-1773_0_0,416.59,684.6,0.0
det_-1773_0_1,402.58,511.55,173.61
det_-1773_1_0,419.78,684.34,0.0
det_-1773_1_1,405.77,511.3,173.61
det_-1773_2_0,422.97,684.09,0.0
det_-1773_2_1,408.95,511.04,173.61
det_-1774_0_0,537.41,563.25,0.0
det_-1774_0_1,424.09,506.51,126.74
det_-1774_1_0,538.85,560.39,0.0
det_-1774_1_1,425.52,503.65,126.74
det_-1774_2_0,540.28,557.53,0.0
det_-1774_2_1,426.95,500.78,126.74
det_-1775_0_0,321.37,288.0,0.0
det_-1775_0_1,409.12,471.91,203.77
det_-1775_1_0,318.48,289.38,0.0
det_-1775_1_1,406.23,473.29,203.77
det_-1775_2_0,315.59,290.76,0.0
det_-1775_2_1,403.34,474.67,203.77
det_-1783_0_0,810.45,99.9,0.0
det_-1783_0_1,668.26,246.59,204.29
det_-1783_1_0,808.15,97.67,0.0
det_-1783_1_1,665.97,244.36,204.29
det_-1783_2_0,805.86,95.44,0.0
det_-1783_2_1,663.67,242.13,204.29
det_-1797_0_0,636.57,26.34,0.0
det_-1797_0_1,650.97,233.33,207.48
det_-1797_1_0,633.38,26.57,0.0
det_-1797_1_1,647.78,233.55,207.48
det_-1797_2_0,630.19,26.79,0.0
det_-1797_2_1,644.59,233.77,207.48
det_-1798_0_0,435.28,684.31,0.0
det_-1798_0_1,538.82,579.31,147.46
det_-1798_1_0,437.55,686.55,0.0
det_-1798_1_1,541.1,581.56,147.46
det_-1798_2_0,439.83,688.8,0.0
det_-1798_2_1,543.38,583.81,147.46
det_-1882_0_0,569.94,812.69,0.0
det_-1882_0_1,556.01,592.71,220.41
det_-1882_1_0,573.13,812.48,0.0
det_-1882_1_1,559.21,592.51,220.41
det_-1882_2_0,576.32,812.28,0.0
det_-1882_2_1,562.4,592.31,220.41
det_-1883_0_0,810.16,83.47,0.0
det_-1883_0_1,897.55,76.31,87.68
det_-1883_1_0,810.42,86.66,0.0
det_-1883_1_1,897.81,79.5,87.68
det_-1883_2_0,810.69,89.85,0.0
det_-1883_2_1,898.07,82.68,87.68
det_-1891_0_0,1113.49,7.39,0.0
det_-1891_0_1,923.61,86.25,205.6
det_-1891_1_0,1112.26,4.43,0.0
det_-1891_1_1,922.38,83.29,205.6
det_-1891_2_0,1111.03,1.48,0.0
det_-1891_2_1,921.16,80.34,205.6
det_-19_0_0,1259.38,1478.81,0.0
det_-19_0_1,1111.79,1538.28,159.13
det_-19_1_0,1258.19,1475.84,0.0
det_-19_1_1,1110.59,1535.31,159.13
det_-19_2_0,1256.99,1472.87,0.0
det_-19_2_1,1109.4,1532.34,159.13
det_-210_0_0,1315.16,1782.62,0.0
det_-210_0_1,1227.04,1735.31,100.02
det_-210_1_0,1316.67,1779.8,0.0
det_-210_1_1,1228.55,1732.49,100.02
det_-210_2_0,1318.19,1776.98,0.0
det_-210_2_1,1230.07,1729.67,100.02
det_-25_0_0,1196.42,1710.37,0.0
det_-25_0_1,1096.03,1554.14,185.7
det_-25_1_0,1199.11,1708.64,0.0
det_-25_1_1,1098.72,1552.41,185.7
det_-25_2_0,1201.81,1706.91,0.0
det_-25_2_1,1101.42,1550.68,185.7
det_-3_0_0,841.2,1321.49,0.0
det_-3_0_1,887.46,1514.16,198.15
det_-3_1_0,838.09,1322.24,0.0
det_-3_1_1,884.35,1514.9,198.15
det_-3_2_0,834.97,1322.98,0.0
det_-3_2_1,881.24,1515.65,198.15
det_-313_0_0,1032.68,1216.08,0.0
det_-313_0_1,914.69,1189.93,120.85
det_-313_1_0,1033.37,1212.96,0.0
det_-313_1_1,915.38,1186.81,120.85
det_-313_2_0,1034.06,1209.83,0.0
det_-313_2_1,916.07,1183.69,120.85
det_-319_0_0,837.59,976.47,0.0
det_-319_0_1,892.37,1156.55,188.23
det_-319_1_0,834.53,977.4,0.0
det_-319_1_1,889.3,1157.48,188.23
det_-319_2_0,831.47,978.34,0.0
det_-319_2_1,886.24,1158.42,188.23
det_-325_0_0,1016.92,1104.25,0.0
det_-325_0_1,917.09,1168.38,118.66
det_-325_1_0,1015.19,1101.56,0.0
det_-325_1_1,915.36,1165.69,118.66
det_-325_2_0,1013.47,1098.87,0.0
det_-325_2_1,913.63,1162.99,118.66
det_-326_0_0,1068.34,1226.99,0.0
det_-326_0_1,1110.55,1311.62,94.57
det_-326_1_0,1065.48,1228.42,0.0
det_-326_1_1,1107.69,1313.05,94.57
det_-326_2_0,1062.61,1229.85,0.0
det_-326_2_1,1104.82,1314.48,94.57
det_-330_0_0,556.65,1031.07,0.0
det_-330_0_1,647.39,1183.19,177.13
det_-330_1_0,553.9,1032.71,0.0
det_-330_1_1,644.65,1184.83,177.13
det_-330_2_0,551.15,1034.34,0.0
det_-330_2_1,641.9,1186.47,177.13
det_-332_0_0,530.93,1190.32,0.0
det_-332_0_1,630.23,1196.97,99.52
det_-332_1_0,530.72,1193.51,0.0
det_-332_1_1,630.02,1200.16,99.52
det_-332_2_0,530.5,1196.7,0.0
det_-332_2_1,629.8,1203.35,99.52
det_-333_0_0,1009.46,1837.12,0.0
det_-333_0_1,899.21,1759.22,135.0
det_-333_1_0,1011.3,1834.51,0.0
det_-333_1_1,901.05,1756.61,135.0
det_-333_2_0,1013.15,1831.9,0.0
det_-333_2_1,902.9,1753.99,135.0
det_-336_0_0,1414.06,1338.22,0.0
det_-336_0_1,1334.8,1326.51,80.12
det_-336_1_0,1414.53,1335.05,0.0
det_-336_1_1,1335.27,1323.35,80.12
det_-336_2_0,1415.0,1331.89,0.0
det_-336_2_1,1335.74,1320.18,80.12
det_-338_0_0,1309.57,1208.65,0.0
det_-338_0_1,1330.44,1305.48,99.06
det_-338_1_0,1306.44,1209.32,0.0
det_-338_1_1,1327.32,1306.16,99.06
det_-338_2_0,1303.31,1209.99,0.0
det_-338_2_1,1324.19,1306.83,99.06
det_-344_0_0,1469.2,1693.17,0.0
det_-344_0_1,1407.79,1617.5,97.45
det_-344_1_0,1471.68,1691.16,0.0
det_-344_1_1,1410.28,1615.48,97.45
det_-344_2_0,1474.17,1689.14,0.0
det_-344_2_1,1412.76,1613.47,97.45
det_-348_0_0,1055.52,1692.54,0.0
det_-348_0_1,1041.37,1818.14,126.4
det_-348_1_0,1052.34,1692.18,0.0
det_-348_1_1,1038.19,1817.79,126.4
det_-348_2_0,1049.16,1691.82,0.0
det_-348_2_1,1035.01,1817.43,126.4
det_-349_0_0,1479.53,1719.54,0.0
det_-349_0_1,1352.95,1789.9,144.82
det_-349_1_0,1477.98,1716.75,0.0
det_-349_1_1,1351.39,1787.1,144.82
det_-349_2_0,1476.42,1713.95,0.0
det_-349_2_1,1349.84,1784.31,144.82
det_-356_0_0,1037.45,1689.08,0.0
det_-356_0_1,909.23,1739.58,137.8
det_-356_1_0,1036.27,1686.1,0.0
det_-356_1_1,908.06,1736.61,137.8
det_-356_2_0,1035.1,1683.13,0.0
det_-356_2_1,906.89,1733.63,137.8
det_-361_0_0,1583.32,1322.94,0.0
det_-361_0_1,1446.03,1338.34,138.15
det_-361_1_0,1582.96,1319.76,0.0
det_-361_1_1,1445.67,1335.16,138.15
det_-361_2_0,1582.61,1316.58,0.0
det_-361_2_1,1445.31,1331.98,138.15
det_-365_0_0,1575.19,1888.55,0.0
det_-365_0_1,1488.42,1721.06,188.63
det_-365_1_0,1578.03,1887.08,0.0
det_-365_1_1,1491.27,1719.59,188.63
det_-365_2_0,1580.87,1885.6,0.0
det_-365_2_1,1494.11,1718.12,188.63
det_-379_0_0,1542.42,1563.99,0.0
det_-379_0_1,1503.37,1686.71,128.78
det_-379_1_0,1539.37,1563.02,0.0
det_-379_1_1,1500.32,1685.74,128.78
det_-379_2_0,1536.32,1562.05,0.0
det_-379_2_1,1497.27,1684.77,128.78
det_-38_0_0,905.31,1193.82,0.0
det_-38_0_1,956.12,1326.02,141.63
det_-38_1_0,902.33,1194.96,0.0
det_-38_1_1,953.13,1327.17,141.63
det_-38_2_0,899.34,1196.11,0.0
det_-38_2_1,950.14,1328.31,141.63
det_-381_0_0,1320.46,1803.79,0.0
det_-381_0_1,1245.33,1832.45,80.41
det_-381_1_0,1319.32,1800.8,0.0
det_-381_1_1,1244.19,1829.47,80.41
det_-381_2_0,1318.18,1797.81,0.0
det_-381_2_1,1243.05,1826.48,80.41
det_-383_0_0,1127.83,1940.08,0.0
det_-383_0_1,1216.19,1831.99,139.62
det_-383_1_0,1130.31,1942.11,0.0
det_-383_1_1,1218.67,1834.01,139.62
det_-383_2_0,1132.79,1944.13,0.0
det_-383_2_1,1221.15,1836.04,139.62
det_-492_0_0,1536.92,1526.95,0.0
det_-492_0_1,1588.03,1328.36,205.06
det_-492_1_0,1540.02,1527.75,0.0
det_-492_1_1,1591.12,1329.15,205.06
det_-492_2_0,1543.12,1528.54,0.0
det_-492_2_1,1594.22,1329.95,205.06
det_-496_0_0,1707.18,1379.36,0.0
det_-496_0_1,1610.77,1327.71,109.38
det_-496_1_0,1708.69,1376.54,0.0
det_-496_1_1,1612.28,1324.89,109.38
det_-496_2_0,1710.2,1373.72,0.0
det_-496_2_1,1613.79,1322.07,109.38
det_-504_0_0,1472.41,1123.27,0.0
det_-504_0_1,1439.19,1317.08,196.64
det_-504_1_0,1469.25,1122.73,0.0
det_-504_1_1,1436.03,1316.54,196.64
det_-504_2_0,1466.1,1122.19,0.0
det_-504_2_1,1432.88,1316.0,196.64
det_-505_0_0,1451.49,1117.06,0.0
det_-505_0_1,1317.52,1198.15,156.6
det_-505_1_0,1449.83,1114.32,0.0
det_-505_1_1,1315.86,1195.41,156.6
det_-505_2_0,1448.17,1111.59,0.0
det_-505_2_1,1314.2,1192.68,156.6
det_-517_0_0,1128.32,1164.89,0.0
det_-517_0_1,1281.52,1188.83,155.06
det_-517_1_0,1127.83,1168.05,0.0
det_-517_1_1,1281.02,1191.99,155.06
det_-517_2_0,1127.33,1171.22,0.0
det_-517_2_1,1280.53,1195.15,155.06
det_-523_0_0,1251.02,1017.09,0.0
det_-523_0_1,1301.33,1178.82,169.38
det_-523_1_0,1247.96,1018.04,0.0
det_-523_1_1,1298.28,1179.77,169.38
det_-523_2_0,1244.91,1018.99,0.0
det_-523_2_1,1295.22,1180.72,169.38
det_-533_0_0,1631.27,2007.31,0.0
det_-533_0_1,1588.12,1915.22,101.7
det_-533_1_0,1634.17,2005.95,0.0
det_-533_1_1,1591.02,1913.86,101.7
det_-533_2_0,1637.07,2004.6,0.0
det_-533_2_1,1593.92,1912.5,101.7
det_-535_0_0,1472.64,2031.5,0.0
det_-535_0_1,1568.53,1904.84,158.87
det_-535_1_0,1475.19,2033.44,0.0
det_-535_1_1,1571.08,1906.77,158.87
det_-535_2_0,1477.74,2035.37,0.0
det_-535_2_1,1573.63,1908.7,158.87
det_-569_0_0,1771.71,1907.73,0.0
det_-569_0_1,1606.3,1902.43,165.49
det_-569_1_0,1771.81,1904.53,0.0
det_-569_1_1,1606.4,1899.23,165.49
det_-569_2_0,1771.91,1901.33,0.0
det_-569_2_1,1606.51,1896.03,165.49
det_-570_0_0,1415.38,1585.61,0.0
det_-570_0_1,1516.0,1540.43,110.3
det_-570_1_0,1416.69,1588.53,0.0
det_-570_1_1,1517.31,1543.35,110.3
det_-570_2_0,1418.0,1591.45,0.0
det_-570_2_1,1518.62,1546.27,110.3
det_-577_0_0,953.63,2037.1,0.0
det_-577_0_1,1110.61,1952.62,178.27
det_-577_1_0,955.14,2039.92,0.0
det_-577_1_1,1112.13,1955.43,178.27
det_-577_2_0,956.66,2042.73,0.0
det_-577_2_1,1113.65,1958.25,178.27
det_-579_0_0,1167.84,2109.95,0.0
det_-579_0_1,1125.17,1969.58,146.71
det_-579_1_0,1170.9,2109.02,0.0
det_-579_1_1,1128.23,1968.65,146.71
det_-579_2_0,1173.96,2108.09,0.0
det_-579_2_1,1131.29,1967.72,146.71
det_-585_0_0,1301.71,1930.99,0.0
det_-585_0_1,1328.57,1806.93,126.93
det_-585_1_0,1304.84,1931.67,0.0
det_-585_1_1,1331.69,1807.61,126.93
det_-585_2_0,1307.97,1932.35,0.0
det_-585_2_1,1334.82,1808.29,126.93
det_-588_0_0,1117.7,1177.16,0.0
det_-588_0_1,1032.51,1110.32,108.28
det_-588_1_0,1119.68,1174.64,0.0
det_-588_1_1,1034.49,1107.8,108.28
det_-588_2_0,1121.65,1172.12,0.0
det_-588_2_1,1036.47,1105.28,108.28
det_-589_0_0,1226.14,1010.36,0.0
det_-589_0_1,1043.25,1090.92,199.85
det_-589_1_0,1224.85,1007.43,0.0
det_-589_1_1,1041.96,1088.0,199.85
det_-589_2_0,1223.56,1004.5,0.0
det_-589_2_1,1040.67,1085.07,199.85
det_-592_0_0,430.88,1226.76,0.0
det_-592_0_1,523.48,1191.43,99.11
det_-592_1_0,432.02,1229.75,0.0
det_-592_1_1,524.62,1194.42,99.11
det_-592_2_0,433.16,1232.74,0.0
det_-592_2_1,525.77,1197.41,99.11
det_-597_0_0,1561.55,1091.22,0.0
det_-597_0_1,1480.76,1103.52,81.72
det_-597_1_0,1561.07,1088.06,0.0
det_-597_1_1,1480.27,1100.36,81.72
det_-597_2_0,1560.58,1084.9,0.0
det_-597_2_1,1479.79,1097.2,81.72
det_-601_0_0,1322.53,1942.98,0.0
det_-601_0_1,1470.54,2031.91,172.67
det_-601_1_0,1320.89,1945.72,0.0
det_-601_1_1,1468.89,2034.65,172.67
det_-601_2_0,1319.24,1948.46,0.0
det_-601_2_1,1467.24,2037.4,172.67
det_-608_0_0,1067.35,2183.31,0.0
det_-608_0_1,949.15,2069.96,163.77
det_-608_1_0,1069.57,2181.0,0.0
det_-608_1_1,951.37,2067.65,163.77
det_-608_2_0,1071.78,2178.7,0.0
det_-608_2_1,953.58,2065.34,163.77
det_-612_0_0,888.35,1889.21,0.0
det_-612_0_1,944.41,2035.5,156.67
det_-612_1_0,885.36,1890.36,0.0
det_-612_1_1,941.43,2036.65,156.67
det_-612_2_0,882.38,1891.5,0.0
det_-612_2_1,938.44,2037.79,156.67
det_-613_0_0,1306.74,1958.4,0.0
det_-613_0_1,1202.72,2115.06,188.06
det_-613_1_0,1304.08,1956.63,0.0
det_-613_1_1,1200.05,2113.29,188.06
det_-613_2_0,1301.41,1954.86,0.0
det_-613_2_1,1197.39,2111.52,188.06
det_-614_0_0,1080.24,2172.05,0.0
det_-614_0_1,1165.18,2130.53,94.55
det_-614_1_0,1081.64,2174.92,0.0
det_-614_1_1,1166.59,2133.41,94.55
det_-614_2_0,1083.05,2177.8,0.0
det_-614_2_1,1167.99,2136.28,94.55
det_-618_0_0,1216.41,2278.2,0.0
det_-618_0_1,1179.14,2147.99,135.44
det_-618_1_0,1219.49,2277.32,0.0
det_-618_1_1,1182.22,2147.11,135.44
det_-618_2_0,1222.56,2276.44,0.0
det_-618_2_1,1185.29,2146.23,135.44
det_-621_0_0,730.34,912.66,0.0
det_-621_0_1,807.67,946.82,84.53
det_-621_1_0,729.05,915.59,0.0
det_-621_1_1,806.37,949.74,84.53
det_-621_2_0,727.76,918.52,0.0
det_-621_2_1,805.08,952.67,84.53
det_-623_0_0,996.28,952.56,0.0
det_-623_0_1,850.2,968.62,146.95
det_-623_1_0,995.93,949.38,0.0
det_-623_1_1,849.85,965.44,146.95
det_-623_2_0,995.58,946.2,0.0
det_-623_2_1,849.5,962.26,146.95
det_-625_0_0,705.67,1024.29,0.0
det_-625_0_1,801.58,967.94,111.23
det_-625_1_0,707.29,1027.04,0.0
det_-625_1_1,803.2,970.7,111.23
det_-625_2_0,708.91,1029.8,0.0
det_-625_2_1,804.82,973.46,111.23
det_-639_0_0,932.32,813.01,0.0
det_-639_0_1,845.14,947.34,160.14
det_-639_1_0,929.64,811.27,0.0
det_-639_1_1,842.46,945.6,160.14
det_-639_2_0,926.95,809.53,0.0
det_-639_2_1,839.77,943.85,160.14
det_-64_0_0,1095.18,1341.05,0.0
det_-64_0_1,984.44,1357.29,111.93
det_-64_1_0,1094.72,1337.88,0.0
det_-64_1_1,983.97,1354.13,111.93
det_-64_2_0,1094.25,1334.72,0.0
det_-64_2_1,983.51,1350.96,111.93
det_-642_0_0,202.05,1178.47,0.0
det_-642_0_1,403.07,1229.04,207.29
det_-642_1_0,201.27,1181.58,0.0
det_-642_1_1,402.29,1232.14,207.29
det_-642_2_0,200.48,1184.68,0.0
det_-642_2_1,401.51,1235.24,207.29
det_-650_0_0,468.78,1428.47,0.0
det_-650_0_1,413.12,1255.65,181.56
det_-650_1_0,471.83,1427.49,0.0
det_-650_1_1,416.17,1254.67,181.56
det_-650_2_0,474.87,1426.5,0.0
det_-650_2_1,419.21,1253.69,181.56
det_-674_0_0,428.09,1054.91,0.0
det_-674_0_1,425.05,1222.66,167.78
det_-674_1_0,424.89,1054.85,0.0
det_-674_1_1,421.85,1222.6,167.78
det_-674_2_0,421.69,1054.79,0.0
det_-674_2_1,418.65,1222.54,167.78
det_-679_0_0,770.83,1693.71,0.0
det_-679_0_1,871.93,1727.04,106.46
det_-679_1_0,769.82,1696.75,0.0
det_-679_1_1,870.93,1730.08,106.46
det_-679_2_0,768.82,1699.79,0.0
det_-679_2_1,869.93,1733.12,106.46
det_-684_0_0,1698.18,1061.03,0.0
det_-684_0_1,1589.67,1085.79,111.3
det_-684_1_0,1697.47,1057.91,0.0
det_-684_1_1,1588.96,1082.67,111.3
det_-684_2_0,1696.76,1054.79,0.0
det_-684_2_1,1588.25,1079.55,111.3
det_-686_0_0,1570.5,915.74,0.0
det_-686_0_1,1580.01,1065.63,150.19
det_-686_1_0,1567.31,915.95,0.0
det_-686_1_1,1576.81,1065.83,150.19
det_-686_2_0,1564.12,916.15,0.0
det_-686_2_1,1573.62,1066.03,150.19
det_-696_0_0,746.23,1682.6,0.0
det_-696_0_1,719.71,1602.33,84.53
det_-696_1_0,749.27,1681.59,0.0
det_-696_1_1,722.75,1601.33,84.53
det_-696_2_0,752.31,1680.59,0.0
det_-696_2_1,725.79,1600.33,84.53
det_-698_0_0,630.31,1495.12,0.0
det_-698_0_1,715.1,1564.34,109.45
det_-698_1_0,628.29,1497.6,0.0
det_-698_1_1,713.08,1566.82,109.45
det_-698_2_0,626.26,1500.08,0.0
det_-698_2_1,711.05,1569.3,109.45
det_-7_0_0,877.76,1722.38,0.0
det_-7_0_1,874.99,1545.6,176.8
det_-7_1_0,880.96,1722.33,0.0
det_-7_1_1,878.18,1545.55,176.8
det_-7_2_0,884.16,1722.28,0.0
det_-7_2_1,881.38,1545.5,176.8
det_-728_0_0,646.35,1660.55,0.0
det_-728_0_1,700.62,1591.33,87.96
det_-728_1_0,648.87,1662.53,0.0
det_-728_1_1,703.13,1593.3,87.96
det_-728_2_0,651.39,1664.5,0.0
det_-728_2_1,705.65,1595.28,87.96
det_-730_0_0,954.01,805.97,0.0
det_-730_0_1,1010.32,927.68,134.1
det_-730_1_0,951.11,807.31,0.0
det_-730_1_1,1007.42,929.02,134.1
det_-730_2_0,948.2,808.66,0.0
det_-730_2_1,1004.52,930.36,134.1
det_-732_0_0,562.74,1010.08,0.0
det_-732_0_1,678.16,1028.83,116.93
det_-732_1_0,562.23,1013.24,0.0
det_-732_1_1,677.64,1031.99,116.93
det_-732_2_0,561.72,1016.4,0.0
det_-732_2_1,677.13,1035.15,116.93
det_-734_0_0,651.67,832.49,0.0
det_-734_0_1,698.47,1019.75,193.02
det_-734_1_0,648.57,833.26,0.0
det_-734_1_1,695.36,1020.52,193.02
det_-734_2_0,645.46,834.04,0.0
det_-734_2_1,692.26,1021.3,193.02
det_-837_0_0,424.82,1038.02,0.0
det_-837_0_1,524.01,1009.49,103.2
det_-837_1_0,425.71,1041.1,0.0
det_-837_1_1,524.89,1012.57,103.2
det_-837_2_0,426.59,1044.17,0.0
det_-837_2_1,525.77,1015.64,103.2
det_-840_0_0,5.02,1022.28,0.0
det_-840_0_1,180.84,1163.91,225.77
det_-840_1_0,3.01,1024.77,0.0
det_-840_1_1,178.83,1166.4,225.77
det_-840_2_0,1.0,1027.26,0.0
det_-840_2_1,176.82,1168.89,225.77
det_-846_0_0,68.18,1208.65,0.0
det_-846_0_1,169.44,1182.67,104.54
det_-846_1_0,68.98,1211.75,0.0
det_-846_1_1,170.23,1185.77,104.54
det_-846_2_0,69.77,1214.85,0.0
det_-846_2_1,171.03,1188.87,104.54
det_-848_0_0,384.75,1475.07,0.0
det_-848_0_1,468.02,1430.37,94.51
det_-848_1_0,386.26,1477.89,0.0
det_-848_1_1,469.53,1433.19,94.51
det_-848_2_0,387.77,1480.71,0.0
det_-848_2_1,471.04,1436.01,94.51
det_-867_0_0,1034.9,2421.72,0.0
det_-867_0_1,1215.86,2279.9,229.92
det_-867_1_0,1036.87,2424.24,0.0
det_-867_1_1,1217.83,2282.42,229.92
det_-867_2_0,1038.84,2426.76,0.0
det_-867_2_1,1219.81,2284.94,229.92
det_-870_0_0,739.57,1703.77,0.0
det_-870_0_1,664.42,1693.27,75.88
det_-870_1_0,740.02,1700.6,0.0
det_-870_1_1,664.87,1690.1,75.88
det_-870_2_0,740.46,1697.43,0.0
det_-870_2_1,665.31,1686.93,75.88
det_-876_0_0,935.02,672.17,0.0
det_-876_0_1,943.97,769.94,98.18
det_-876_1_0,931.84,672.46,0.0
det_-876_1_1,940.79,770.23,98.18
det_-876_2_0,928.65,672.75,0.0
det_-876_2_1,937.6,770.52,98.18
det_-880_0_0,1122.11,687.94,0.0
det_-880_0_1,958.45,786.77,191.19
det_-880_1_0,1120.46,685.2,0.0
det_-880_1_1,956.8,784.03,191.19
det_-880_2_0,1118.8,682.46,0.0
det_-880_2_1,955.15,781.3,191.19
det_-882_0_0,757.7,787.39,0.0
det_-882_0_1,915.2,782.6,157.57
det_-882_1_0,757.8,790.59,0.0
det_-882_1_1,915.3,785.8,157.57
det_-882_2_0,757.9,793.79,0.0
det_-882_2_1,915.4,789.0,157.57
det_-9_0_0,1070.02,1543.77,0.0
det_-9_0_1,896.54,1537.19,173.61
det_-9_1_0,1070.14,1540.58,0.0
det_-9_1_1,896.66,1533.99,173.61
det_-9_2_0,1070.26,1537.38,0.0
det_-9_2_1,896.78,1530.79,173.61
det_1005_0_0,854.61,1870.29,0.0
det_1005_0_1,747.85,1837.86,111.58
det_1005_1_0,855.54,1867.23,0.0
det_1005_1_1,748.78,1834.8,111.58
det_1005_2_0,856.47,1864.17,0.0
det_1005_2_1,749.71,1831.74,111.58
det_1011_0_0,867.37,1894.75,0.0
det_1011_0_1,782.8,2079.57,203.25
det_1011_1_0,864.46,1893.41,0.0
det_1011_1_1,779.89,2078.24,203.25
det_1011_2_0,861.55,1892.08,0.0
det_1011_2_1,776.98,2076.91,203.25
det_1027_0_0,617.58,1508.64,0.0
det_1027_0_1,602.95,1710.46,202.35
det_1027_1_0,614.39,1508.41,0.0
det_1027_1_1,599.76,1710.23,202.35
det_1027_2_0,611.2,1508.18,0.0
det_1027_2_1,596.57,1710.0,202.35
det_1029_0_0,661.2,1698.5,0.0
det_1029_0_1,741.76,1814.91,141.57
det_1029_1_0,658.57,1700.32,0.0
det_1029_1_1,739.13,1816.73,141.57
det_1029_2_0,655.94,1702.14,0.0
det_1029_2_1,736.49,1818.55,141.57
det_1033_0_0,648.39,815.18,0.0
det_1033_0_1,731.83,791.32,86.79
det_1033_1_0,649.27,818.25,0.0
det_1033_1_1,732.71,794.4,86.79
det_1033_2_0,650.15,821.33,0.0
det_1033_2_1,733.59,797.47,86.79
det_1057_0_0,1261.17,997.65,0.0
det_1057_0_1,1465.74,1072.66,217.89
det_1057_1_0,1260.07,1000.65,0.0
det_1057_1_1,1464.64,1075.66,217.89
det_1057_2_0,1258.97,1003.65,0.0
det_1057_2_1,1463.54,1078.67,217.89
det_1093_0_0,741.59,1840.07,0.0
det_1093_0_1,665.05,1952.59,136.08
det_1093_1_0,738.94,1838.27,0.0
det_1093_1_1,662.41,1950.79,136.08
det_1093_2_0,736.3,1836.47,0.0
det_1093_2_1,659.76,1948.99,136.08
det_11_0_0,869.03,1541.29,0.0
det_11_0_1,735.96,1582.58,139.33
det_11_1_0,868.08,1538.23,0.0
det_11_1_1,735.01,1579.52,139.33
det_11_2_0,867.13,1535.17,0.0
det_11_2_1,734.06,1576.46,139.33
det_116_0_0,965.51,1327.36,0.0
det_116_0_1,1033.95,1224.82,123.28
det_116_1_0,968.17,1329.14,0.0
det_116_1_1,1036.61,1226.6,123.28
det_116_2_0,970.83,1330.91,0.0
det_116_2_1,1039.27,1228.38,123.28
det_117_0_0,788.91,1159.63,0.0
det_117_0_1,872.57,1166.76,83.96
det_117_1_0,788.64,1162.82,0.0
det_117_1_1,872.3,1169.95,83.96
det_117_2_0,788.37,1166.01,0.0
det_117_2_1,872.03,1173.13,83.96
det_119_0_0,758.59,1177.68,0.0
det_119_0_1,665.76,1210.09,98.32
det_119_1_0,757.53,1174.66,0.0
det_119_1_1,664.7,1207.07,98.32
det_119_2_0,756.48,1171.64,0.0
det_119_2_1,663.65,1204.05,98.32
det_1199_0_0,603.98,1733.66,0.0
det_1199_0_1,617.15,1822.89,90.2
det_1199_1_0,600.82,1734.13,0.0
det_1199_1_1,613.99,1823.36,90.2
det_1199_2_0,597.65,1734.59,0.0
det_1199_2_1,610.82,1823.83,90.2
det_1201_0_0,581.9,1731.26,0.0
det_1201_0_1,403.85,1754.03,179.5
det_1201_1_0,581.5,1728.08,0.0
det_1201_1_1,403.45,1750.85,179.5
det_1201_2_0,581.09,1724.91,0.0
det_1201_2_1,403.04,1747.68,179.5
det_121_0_0,1254.42,1457.22,0.0
det_121_0_1,1112.43,1342.02,182.85
det_121_1_0,1256.43,1454.74,0.0
det_121_1_1,1114.44,1339.53,182.85
det_121_2_0,1258.45,1452.25,0.0
det_121_2_1,1116.46,1337.05,182.85
det_123_0_0,1273.33,1444.36,0.0
det_123_0_1,1313.52,1325.15,125.8
det_123_1_0,1276.36,1445.38,0.0
det_123_1_1,1316.55,1326.18,125.8
det_123_2_0,1279.4,1446.4,0.0
det_123_2_1,1319.58,1327.2,125.8
det_125_0_0,1288.28,1465.97,0.0
det_125_0_1,1398.54,1582.63,160.52
det_125_1_0,1285.95,1468.17,0.0
det_125_1_1,1396.21,1584.83,160.52
det_125_2_0,1283.63,1470.36,0.0
det_125_2_1,1393.88,1587.03,160.52
det_126_0_0,1223.97,1699.65,0.0
det_126_0_1,1385.91,1601.08,189.58
det_126_1_0,1225.63,1702.39,0.0
det_126_1_1,1387.57,1603.81,189.58
det_126_2_0,1227.3,1705.12,0.0
det_126_2_1,1389.24,1606.54,189.58
det_128_0_0,1221.78,1739.03,0.0
det_128_0_1,1233.14,1813.72,75.56
det_128_1_0,1218.61,1739.51,0.0
det_128_1_1,1229.97,1814.2,75.56
det_128_2_0,1215.45,1739.99,0.0
det_128_2_1,1226.81,1814.69,75.56
det_13_0_0,852.04,1302.35,0.0
det_13_0_1,936.81,1336.07,91.23
det_13_1_0,850.86,1305.32,0.0
det_13_1_1,935.63,1339.05,91.23
det_13_2_0,849.68,1308.3,0.0
det_13_2_1,934.45,1342.02,91.23
det_1323_0_0,736.06,784.13,0.0
det_1323_0_1,713.4,575.53,209.83
det_1323_1_0,739.24,783.78,0.0
det_1323_1_1,716.58,575.18,209.83
det_1323_2_0,742.42,783.44,0.0
det_1323_2_1,719.76,574.84,209.83
det_1342_0_0,658.11,1972.11,0.0
det_1342_0_1,757.15,2070.23,139.41
det_1342_1_0,655.86,1974.38,0.0
det_1342_1_1,754.9,2072.5,139.41
det_1342_2_0,653.61,1976.66,0.0
det_1342_2_1,752.64,2074.78,139.41
det_1343_0_0,630.2,1946.2,0.0
det_1343_0_1,601.62,1826.75,122.82
det_1343_1_0,633.31,1945.46,0.0
det_1343_1_1,604.73,1826.01,122.82
det_1343_2_0,636.43,1944.71,0.0
det_1343_2_1,607.84,1825.27,122.82
det_1345_0_0,746.07,2103.53,0.0
det_1345_0_1,578.86,2126.82,168.82
det_1345_1_0,745.63,2100.36,0.0
det_1345_1_1,578.42,2123.65,168.82
det_1345_2_0,745.19,2097.19,0.0
det_1345_2_1,577.97,2120.48,168.82
det_1357_0_0,1148.06,675.25,0.0
det_1357_0_1,1223.9,758.08,112.3
det_1357_1_0,1145.7,677.41,0.0
det_1357_1_1,1221.54,760.24,112.3
det_1357_2_0,1143.34,679.57,0.0
det_1357_2_1,1219.18,762.4,112.3
det_1359_0_0,742.31,556.03,0.0
det_1359_0_1,915.42,648.9,196.46
det_1359_1_0,740.79,558.85,0.0
det_1359_1_1,913.91,651.72,196.46
det_1359_2_0,739.28,561.67,0.0
det_1359_2_1,912.4,654.54,196.46
det_1363_0_0,702.1,532.84,0.0
det_1363_0_1,649.83,406.86,136.4
det_1363_1_0,705.06,531.62,0.0
det_1363_1_1,652.79,405.63,136.4
det_1363_2_0,708.01,530.39,0.0
det_1363_2_1,655.74,404.4,136.4
det_1373_0_0,723.14,526.97,0.0
det_1373_0_1,809.17,359.98,187.84
det_1373_1_0,725.99,528.44,0.0
det_1373_1_1,812.01,361.45,187.84
det_1373_2_0,728.83,529.9,0.0
det_1373_2_1,814.86,362.91,187.84
det_138_0_0,1199.01,1734.94,0.0
det_138_0_1,1055.84,1834.47,174.36
det_138_1_0,1197.18,1732.31,0.0
det_138_1_1,1054.02,1831.84,174.36
det_138_2_0,1195.36,1729.68,0.0
det_138_2_1,1052.19,1829.21,174.36
det_1388_0_0,1646.76,2001.38,0.0
det_1388_0_1,1780.25,2040.19,139.02
det_1388_1_0,1645.87,2004.45,0.0
det_1388_1_1,1779.36,2043.26,139.02
det_1388_2_0,1644.98,2007.53,0.0
det_1388_2_1,1778.47,2046.33,139.02
det_1391_0_0,1789.17,1907.6,0.0
det_1391_0_1,1801.66,2034.06,127.08
det_1391_1_0,1785.98,1907.91,0.0
det_1391_1_1,1798.48,2034.37,127.08
det_1391_2_0,1782.8,1908.22,0.0
det_1391_2_1,1795.29,2034.69,127.08
det_1396_0_0,554.86,2105.99,0.0
det_1396_0_1,554.57,2006.12,99.86
det_1396_1_0,558.06,2105.98,0.0
det_1396_1_1,557.77,2006.11,99.86
det_1396_2_0,561.26,2105.97,0.0
det_1396_2_1,560.97,2006.1,99.86
det_1404_0_0,561.67,2132.53,0.0
det_1404_0_1,461.52,2218.01,131.67
det_1404_1_0,559.59,2130.09,0.0
det_1404_1_1,459.45,2215.58,131.67
det_1404_2_0,557.52,2127.66,0.0
det_1404_2_1,457.37,2213.15,131.67
det_1415_0_0,1235.04,781.19,0.0
det_1415_0_1,1243.95,986.19,205.19
det_1415_1_0,1231.84,781.33,0.0
det_1415_1_1,1240.76,986.33,205.19
det_1415_2_0,1228.64,781.47,0.0
det_1415_2_1,1237.56,986.47,205.19
det_1425_0_0,1231.57,758.64,0.0
det_1425_0_1,1374.82,641.91,184.78
det_1425_1_0,1233.59,761.12,0.0
det_1425_1_1,1376.84,644.39,184.78
det_1425_2_0,1235.61,763.6,0.0
det_1425_2_1,1378.86,646.88,184.78
det_1427_0_0,663.65,378.39,0.0
det_1427_0_1,800.97,339.83,142.63
det_1427_1_0,664.51,381.47,0.0
det_1427_1_1,801.83,342.91,142.63
det_1427_2_0,665.38,384.55,0.0
det_1427_2_1,802.7,345.99,142.63
det_1429_0_0,641.18,398.55,0.0
det_1429_0_1,552.78,402.33,88.48
det_1429_1_0,641.04,395.35,0.0
det_1429_1_1,552.64,399.13,88.48
det_1429_2_0,640.91,392.16,0.0
det_1429_2_1,552.5,395.93,88.48
det_1431_0_0,844.68,319.12,0.0
det_1431_0_1,935.16,255.48,110.62
det_1431_1_0,846.53,321.74,0.0
det_1431_1_1,937.0,258.09,110.62
det_1431_2_0,848.37,324.36,0.0
det_1431_2_1,938.84,260.71,110.62
det_1441_0_0,856.25,338.5,0.0
det_1441_0_1,1006.37,371.7,153.75
det_1441_1_0,855.55,341.62,0.0
det_1441_1_1,1005.68,374.82,153.75
det_1441_2_0,854.86,344.75,0.0
det_1441_2_1,1004.99,377.95,153.75
det_1447_0_0,849.31,359.06,0.0
det_1447_0_1,949.98,519.42,189.35
det_1447_1_0,846.6,360.76,0.0
det_1447_1_1,947.27,521.13,189.35
det_1447_2_0,843.89,362.46,0.0
det_1447_2_1,944.56,522.83,189.35
det_1464_0_0,1799.41,2068.22,0.0
det_1464_0_1,1774.89,2153.19,88.44
det_1464_1_0,1796.34,2067.33,0.0
det_1464_1_1,1771.81,2152.3,88.44
det_1464_2_0,1793.26,2066.44,0.0
det_1464_2_1,1768.74,2151.41,88.44
det_1483_0_0,1393.23,620.82,0.0
det_1483_0_1,1452.7,532.08,106.83
det_1483_1_0,1395.88,622.6,0.0
det_1483_1_1,1455.36,533.86,106.83
det_1483_2_0,1398.54,624.38,0.0
det_1483_2_1,1458.02,535.64,106.83
det_1493_0_0,1373.28,630.82,0.0
det_1493_0_1,1280.51,510.32,152.08
det_1493_1_0,1375.82,628.87,0.0
det_1493_1_1,1283.04,508.36,152.08
det_1493_2_0,1378.36,626.92,0.0
det_1493_2_1,1285.58,506.41,152.08
det_1494_0_0,1114.14,667.16,0.0
det_1494_0_1,964.81,559.05,184.35
det_1494_1_0,1116.01,664.57,0.0
det_1494_1_1,966.69,556.46,184.35
det_1494_2_0,1117.89,661.98,0.0
det_1494_2_1,968.56,553.87,184.35
det_1499_0_0,515.4,370.45,0.0
det_1499_0_1,494.65,175.35,196.2
det_1499_1_0,518.58,370.11,0.0
det_1499_1_1,497.83,175.01,196.2
det_1499_2_0,521.76,369.77,0.0
det_1499_2_1,501.02,174.67,196.2
det_15_0_0,817.64,1297.46,0.0
det_15_0_1,768.96,1187.62,120.15
det_15_1_0,820.56,1296.17,0.0
det_15_1_1,771.88,1186.32,120.15
det_15_2_0,823.49,1294.87,0.0
det_15_2_1,774.81,1185.03,120.15
det_1501_0_0,515.83,414.01,0.0
det_1501_0_1,428.62,484.28,112.0
det_1501_1_0,513.82,411.52,0.0
det_1501_1_1,426.61,481.79,112.0
det_1501_2_0,511.81,409.03,0.0
det_1501_2_1,424.6,479.29,112.0
det_1517_0_0,537.39,370.33,0.0
det_1517_0_1,629.38,264.81,139.99
det_1517_1_0,539.8,372.44,0.0
det_1517_1_1,631.79,266.91,139.99
det_1517_2_0,542.21,374.54,0.0
det_1517_2_1,634.21,269.01,139.99
det_1523_0_0,537.99,413.01,0.0
det_1523_0_1,565.26,541.74,131.59
det_1523_1_0,534.86,413.67,0.0
det_1523_1_1,562.13,542.41,131.59
det_1523_2_0,531.73,414.34,0.0
det_1523_2_1,559.0,543.07,131.59
det_1524_0_0,968.96,267.37,0.0
det_1524_0_1,1023.65,358.51,106.3
det_1524_1_0,966.22,269.01,0.0
det_1524_1_1,1020.91,360.16,106.3
det_1524_2_0,963.47,270.66,0.0
det_1524_2_1,1018.17,361.81,106.3
det_1526_0_0,940.94,244.36,0.0
det_1526_0_1,904.78,96.55,152.16
det_1526_1_0,944.05,243.6,0.0
det_1526_1_1,907.89,95.79,152.16
det_1526_2_0,947.16,242.83,0.0
det_1526_2_1,911.0,95.03,152.16
det_1532_0_0,971.99,245.45,0.0
det_1532_0_1,1189.47,241.97,217.51
det_1532_1_0,972.04,248.65,0.0
det_1532_1_1,1189.52,245.17,217.51
det_1532_2_0,972.1,251.85,0.0
det_1532_2_1,1189.57,248.37,217.51
det_1533_0_0,1030.5,403.21,0.0
det_1533_0_1,971.05,526.03,136.45
det_1533_1_0,1027.62,401.81,0.0
det_1533_1_1,968.17,524.64,136.45
det_1533_2_0,1024.74,400.42,0.0
det_1533_2_1,965.29,523.24,136.45
det_1535_0_0,958.17,561.54,0.0
det_1535_0_1,937.75,649.47,90.26
det_1535_1_0,955.05,560.82,0.0
det_1535_1_1,934.64,648.74,90.26
det_1535_2_0,951.93,560.09,0.0
det_1535_2_1,931.52,648.02,90.26
det_17_0_0,1073.58,1522.17,0.0
det_17_0_1,963.49,1373.96,184.62
det_17_1_0,1076.15,1520.26,0.0
det_17_1_1,966.06,1372.06,184.62
det_17_2_0,1078.72,1518.36,0.0
det_17_2_1,968.63,1370.15,184.62
det_1767_0_0,1278.01,510.27,0.0
det_1767_0_1,1148.26,666.64,203.19
det_1767_1_0,1275.55,508.23,0.0
det_1767_1_1,1145.8,664.6,203.19
det_1767_2_0,1273.08,506.18,0.0
det_1767_2_1,1143.33,662.56,203.19
det_1769_0_0,525.61,157.97,0.0
det_1769_0_1,629.56,237.61,130.95
det_1769_1_0,523.66,160.51,0.0
det_1769_1_1,627.61,240.15,130.95
det_1769_2_0,521.72,163.05,0.0
det_1769_2_1,625.67,242.69,130.95
det_1771_0_0,487.84,166.75,0.0
det_1771_0_1,321.88,286.01,204.37
det_1771_1_0,485.97,164.15,0.0
det_1771_1_1,320.01,283.41,204.37
det_1771_2_0,484.1,161.56,0.0
det_1771_2_1,318.14,280.81,204.37
det_1773_0_0,418.52,510.26,0.0
det_1773_0_1,432.54,683.31,173.61
det_1773_1_0,415.33,510.52,0.0
det_1773_1_1,429.35,683.57,173.61
det_1773_2_0,412.14,510.78,0.0
det_1773_2_1,426.16,683.83,173.61
det_1774_0_0,431.25,492.2,0.0
det_1774_0_1,544.58,548.94,126.74
det_1774_1_0,429.82,495.06,0.0
det_1774_1_1,543.14,551.8,126.74
det_1774_2_0,428.39,497.92,0.0
det_1774_2_1,541.71,554.67,126.74
det_1775_0_0,394.68,478.8,0.0
det_1775_0_1,306.93,294.89,203.77
det_1775_1_0,397.57,477.43,0.0
det_1775_1_1,309.81,293.51,203.77
det_1775_2_0,400.45,476.05,0.0
det_1775_2_1,312.7,292.13,203.77
det_1783_0_0,656.78,235.45,0.0
det_1783_0_1,798.96,88.76,204.29
det_1783_1_0,659.07,237.68,0.0
det_1783_1_1,801.26,90.99,204.29
det_1783_2_0,661.37,239.9,0.0
det_1783_2_1,803.56,93.22,204.29
det_1797_0_0,635.01,234.44,0.0
det_1797_0_1,620.61,27.46,207.48
det_1797_1_0,638.2,234.22,0.0
det_1797_1_1,623.8,27.23,207.48
det_1797_2_0,641.39,233.99,0.0
det_1797_2_1,626.99,27.01,207.48
det_1798_0_0,550.22,590.55,0.0
det_1798_0_1,446.67,695.54,147.46
det_1798_1_0,547.94,588.3,0.0
det_1798_1_1,444.39,693.29,147.46
det_1798_2_0,545.66,586.05,0.0
det_1798_2_1,442.11,691.05,147.46
det_1882_0_0,571.98,591.7,0.0
det_1882_0_1,585.9,811.67,220.41
det_1882_1_0,568.79,591.9,0.0
det_1882_1_1,582.71,811.88,220.41
det_1882_2_0,565.59,592.11,0.0
det_1882_2_1,579.52,812.08,220.41
det_1883_0_0,898.85,92.25,0.0
det_1883_0_1,811.47,99.42,87.68
det_1883_1_0,898.59,89.06,0.0
det_1883_1_1,811.21,96.23,87.68
det_1883_2_0,898.33,85.87,0.0
det_1883_2_1,810.95,93.04,87.68
det_1891_0_0,917.48,71.47,0.0
det_1891_0_1,1107.35,-7.39,205.6
det_1891_1_0,918.7,74.43,0.0
det_1891_1_1,1108.58,-4.43,205.6
det_1891_2_0,919.93,77.38,0.0
det_1891_2_1,1109.81,-1.48,205.6
det_19_0_0,1105.81,1523.44,0.0
det_19_0_1,1253.4,1463.97,159.13
det_19_1_0,1107.01,1526.41,0.0
det_19_1_1,1254.6,1466.93,159.13
det_19_2_0,1108.2,1529.38,0.0
det_19_2_1,1255.8,1469.9,159.13
det_210_0_0,1234.61,1721.22,0.0
det_210_0_1,1322.73,1768.52,100.02
det_210_1_0,1233.09,1724.04,0.0
det_210_1_1,1321.21,1771.34,100.02
det_210_2_0,1231.58,1726.85,0.0
det_210_2_1,1319.7,1774.16,100.02
det_25_0_0,1109.49,1545.49,0.0
det_25_0_1,1209.88,1701.72,185.7
det_25_1_0,1106.8,1547.22,0.0
det_25_1_1,1207.19,1703.45,185.7
det_25_2_0,1104.11,1548.95,0.0
det_25_2_1,1204.5,1705.18,185.7
det_3_0_0,871.91,1517.89,0.0
det_3_0_1,825.64,1325.22,198.15
det_3_1_0,875.02,1517.15,0.0
det_3_1_1,828.75,1324.48,198.15
det_3_2_0,878.13,1516.4,0.0
det_3_2_1,831.86,1323.73,198.15
det_313_0_0,918.15,1174.31,0.0
det_313_0_1,1036.14,1200.46,120.85
det_313_1_0,917.46,1177.44,0.0
det_313_1_1,1035.45,1203.58,120.85
det_313_2_0,916.76,1180.56,0.0
det_313_2_1,1034.76,1206.71,120.85
det_319_0_0,877.06,1161.21,0.0
det_319_0_1,822.28,981.13,188.23
det_319_1_0,880.12,1160.28,0.0
det_319_1_1,825.35,980.2,188.23
det_319_2_0,883.18,1159.35,0.0
det_319_2_1,828.41,979.27,188.23
det_325_0_0,908.44,1154.92,0.0
det_325_0_1,1008.28,1090.79,118.66
det_325_1_0,910.17,1157.61,0.0
det_325_1_1,1010.01,1093.48,118.66
det_325_2_0,911.9,1160.3,0.0
det_325_2_1,1011.74,1096.17,118.66
det_326_0_0,1096.23,1318.76,0.0
det_326_0_1,1054.02,1234.13,94.57
det_326_1_0,1099.09,1317.33,0.0
det_326_1_1,1056.89,1232.7,94.57
det_326_2_0,1101.96,1315.9,0.0
det_326_2_1,1059.75,1231.27,94.57
det_330_0_0,633.65,1191.38,0.0
det_330_0_1,542.91,1039.26,177.13
det_330_1_0,636.4,1189.74,0.0
det_330_1_1,545.66,1037.62,177.13
det_330_2_0,639.15,1188.1,0.0
det_330_2_1,548.4,1035.98,177.13
det_332_0_0,629.16,1212.93,0.0
det_332_0_1,529.86,1206.28,99.52
det_332_1_0,629.37,1209.74,0.0
det_332_1_1,530.08,1203.09,99.52
det_332_2_0,629.59,1206.55,0.0
det_332_2_1,530.29,1199.9,99.52
det_333_0_0,908.44,1746.15,0.0
det_333_0_1,1018.69,1824.06,135.0
det_333_1_0,906.59,1748.77,0.0
det_333_1_1,1016.84,1826.67,135.0
det_333_2_0,904.75,1751.38,0.0
det_333_2_1,1015.0,1829.28,135.0
det_336_0_0,1337.14,1310.69,0.0
det_336_0_1,1416.4,1322.39,80.12
det_336_1_0,1336.67,1313.85,0.0
det_336_1_1,1415.93,1325.56,80.12
det_336_2_0,1336.21,1317.02,0.0
det_336_2_1,1415.47,1328.72,80.12
det_338_0_0,1314.8,1308.86,0.0
det_338_0_1,1293.93,1212.02,99.06
det_338_1_0,1317.93,1308.18,0.0
det_338_1_1,1297.05,1211.34,99.06
det_338_2_0,1321.06,1307.51,0.0
det_338_2_1,1300.18,1210.67,99.06
det_344_0_0,1420.22,1607.42,0.0
det_344_0_1,1481.62,1683.09,97.45
det_344_1_0,1417.73,1609.43,0.0
det_344_1_1,1479.14,1685.11,97.45
det_344_2_0,1415.25,1611.45,0.0
det_344_2_1,1476.65,1687.12,97.45
det_348_0_0,1025.47,1816.35,0.0
det_348_0_1,1039.62,1690.75,126.4
det_348_1_0,1028.65,1816.71,0.0
det_348_1_1,1042.8,1691.11,126.4
det_348_2_0,1031.83,1817.07,0.0
det_348_2_1,1045.98,1691.46,126.4
det_349_0_0,1345.17,1775.92,0.0
det_349_0_1,1471.76,1705.56,144.82
det_349_1_0,1346.73,1778.71,0.0
det_349_1_1,1473.31,1708.36,144.82
det_349_2_0,1348.28,1781.51,0.0
det_349_2_1,1474.87,1711.15,144.82
det_356_0_0,903.37,1724.7,0.0
det_356_0_1,1031.58,1674.19,137.8
det_356_1_0,904.54,1727.67,0.0
det_356_1_1,1032.76,1677.17,137.8
det_356_2_0,905.71,1730.65,0.0
det_356_2_1,1033.93,1680.15,137.8
det_361_0_0,1444.24,1322.44,0.0
det_361_0_1,1581.54,1307.04,138.15
det_361_1_0,1444.6,1325.62,0.0
det_361_1_1,1581.89,1310.22,138.15
det_361_2_0,1444.96,1328.8,0.0
det_361_2_1,1582.25,1313.4,138.15
det_365_0_0,1502.63,1713.7,0.0
det_365_0_1,1589.4,1881.19,188.63
det_365_1_0,1499.79,1715.17,0.0
det_365_1_1,1586.56,1882.66,188.63
det_365_2_0,1496.95,1716.64,0.0
det_365_2_1,1583.71,1884.13,188.63
det_379_0_0,1488.12,1681.86,0.0
det_379_0_1,1527.17,1559.14,128.78
det_379_1_0,1491.17,1682.83,0.0
det_379_1_1,1530.22,1560.11,128.78
det_379_2_0,1494.22,1683.8,0.0
det_379_2_1,1533.27,1561.08,128.78
det_38_0_0,941.18,1331.76,0.0
det_38_0_1,890.38,1199.56,141.63
det_38_1_0,944.17,1330.61,0.0
det_38_1_1,893.37,1198.41,141.63
det_38_2_0,947.16,1329.46,0.0
det_38_2_1,896.35,1197.26,141.63
det_381_0_0,1239.63,1817.51,0.0
det_381_0_1,1314.76,1788.84,80.41
det_381_1_0,1240.77,1820.5,0.0
det_381_1_1,1315.9,1791.83,80.41
det_381_2_0,1241.91,1823.49,0.0
det_381_2_1,1317.04,1794.82,80.41
det_383_0_0,1228.58,1842.11,0.0
det_383_0_1,1140.22,1950.21,139.62
det_383_1_0,1226.11,1840.09,0.0
det_383_1_1,1137.74,1948.18,139.62
det_383_2_0,1223.63,1838.06,0.0
det_383_2_1,1135.26,1946.16,139.62
det_492_0_0,1603.52,1332.34,0.0
det_492_0_1,1552.42,1530.94,205.06
det_492_1_0,1600.42,1331.54,0.0
det_492_1_1,1549.32,1530.14,205.06
det_492_2_0,1597.32,1330.75,0.0
det_492_2_1,1546.22,1529.34,205.06
det_496_0_0,1618.33,1313.6,0.0
det_496_0_1,1714.74,1365.26,109.38
det_496_1_0,1616.81,1316.42,0.0
det_496_1_1,1713.23,1368.08,109.38
det_496_2_0,1615.3,1319.25,0.0
det_496_2_1,1711.72,1370.9,109.38
det_504_0_0,1423.42,1314.38,0.0
det_504_0_1,1456.64,1120.57,196.64
det_504_1_0,1426.57,1314.92,0.0
det_504_1_1,1459.79,1121.11,196.64
det_504_2_0,1429.73,1315.46,0.0
det_504_2_1,1462.95,1121.65,196.64
det_505_0_0,1309.23,1184.46,0.0
det_505_0_1,1443.2,1103.37,156.6
det_505_1_0,1310.89,1187.2,0.0
det_505_1_1,1444.86,1106.11,156.6
det_505_2_0,1312.55,1189.94,0.0
det_505_2_1,1446.51,1108.85,156.6
det_517_0_0,1279.05,1204.64,0.0
det_517_0_1,1125.85,1180.7,155.06
det_517_1_0,1279.54,1201.48,0.0
det_517_1_1,1126.34,1177.54,155.06
det_517_2_0,1280.03,1198.31,0.0
det_517_2_1,1126.84,1174.38,155.06
det_523_0_0,1286.05,1183.57,0.0
det_523_0_1,1235.74,1021.84,169.38
det_523_1_0,1289.11,1182.62,0.0
det_523_1_1,1238.8,1020.89,169.38
det_523_2_0,1292.17,1181.67,0.0
det_523_2_1,1241.85,1019.94,169.38
det_533_0_0,1602.61,1908.43,0.0
det_533_0_1,1645.76,2000.52,101.7
det_533_1_0,1599.71,1909.79,0.0
det_533_1_1,1642.86,2001.88,101.7
det_533_2_0,1596.81,1911.14,0.0
det_533_2_1,1639.97,2003.24,101.7
det_535_0_0,1581.28,1914.5,0.0
det_535_0_1,1485.39,2041.16,158.87
det_535_1_0,1578.73,1912.57,0.0
det_535_1_1,1482.84,2039.23,158.87
det_535_2_0,1576.18,1910.63,0.0
det_535_2_1,1480.29,2037.3,158.87
det_569_0_0,1606.81,1886.43,0.0
det_569_0_1,1772.22,1891.73,165.49
det_569_1_0,1606.71,1889.63,0.0
det_569_1_1,1772.12,1894.93,165.49
det_569_2_0,1606.61,1892.83,0.0
det_569_2_1,1772.01,1898.13,165.49
det_570_0_0,1522.56,1555.02,0.0
det_570_0_1,1421.93,1600.21,110.3
det_570_1_0,1521.24,1552.1,0.0
det_570_1_1,1420.62,1597.29,110.3
det_570_2_0,1519.93,1549.19,0.0
det_570_2_1,1419.31,1594.37,110.3
det_577_0_0,1118.19,1966.71,0.0
det_577_0_1,961.21,2051.19,178.27
det_577_1_0,1116.68,1963.89,0.0
det_577_1_1,959.69,2048.37,178.27
det_577_2_0,1115.16,1961.07,0.0
det_577_2_1,958.18,2045.55,178.27
det_579_0_0,1140.48,1964.93,0.0
det_579_0_1,1183.15,2105.3,146.71
det_579_1_0,1137.42,1965.86,0.0
det_579_1_1,1180.09,2106.23,146.71
det_579_2_0,1134.35,1966.79,0.0
det_579_2_1,1177.03,2107.16,146.71
det_585_0_0,1344.2,1810.32,0.0
det_585_0_1,1317.35,1934.38,126.93
det_585_1_0,1341.08,1809.64,0.0
det_585_1_1,1314.22,1933.7,126.93
det_585_2_0,1337.95,1808.96,0.0
det_585_2_1,1311.1,1933.02,126.93
det_588_0_0,1042.39,1097.73,0.0
det_588_0_1,1127.58,1164.57,108.28
det_588_1_0,1040.42,1100.25,0.0
det_588_1_1,1125.6,1167.09,108.28
det_588_2_0,1038.44,1102.76,0.0
det_588_2_1,1123.63,1169.61,108.28
det_589_0_0,1036.8,1076.28,0.0
det_589_0_1,1219.69,995.72,199.85
det_589_1_0,1038.09,1079.21,0.0
det_589_1_1,1220.98,998.65,199.85
det_589_2_0,1039.38,1082.14,0.0
det_589_2_1,1222.27,1001.57,199.85
det_592_0_0,529.19,1206.38,0.0
det_592_0_1,436.59,1241.7,99.11
det_592_1_0,528.05,1203.39,0.0
det_592_1_1,435.45,1238.71,99.11
det_592_2_0,526.91,1200.4,0.0
det_592_2_1,434.3,1235.73,99.11
det_597_0_0,1478.35,1087.71,0.0
det_597_0_1,1559.14,1075.41,81.72
det_597_1_0,1478.83,1090.87,0.0
det_597_1_1,1559.62,1078.57,81.72
det_597_2_0,1479.31,1094.03,0.0
det_597_2_1,1560.1,1081.73,81.72
det_601_0_0,1462.3,2045.63,0.0
det_601_0_1,1314.29,1956.69,172.67
det_601_1_0,1463.95,2042.88,0.0
det_601_1_1,1315.94,1953.95,172.67
det_601_2_0,1465.59,2040.14,0.0
det_601_2_1,1317.59,1951.21,172.67
det_608_0_0,960.23,2058.42,0.0
det_608_0_1,1078.43,2171.77,163.77
det_608_1_0,958.01,2060.72,0.0
det_608_1_1,1076.21,2174.08,163.77
det_608_2_0,955.8,2063.03,0.0
det_608_2_1,1074.0,2176.39,163.77
det_612_0_0,929.47,2041.23,0.0
det_612_0_1,873.41,1894.94,156.67
det_612_1_0,932.46,2040.08,0.0
det_612_1_1,876.4,1893.79,156.67
det_612_2_0,935.45,2038.94,0.0
det_612_2_1,879.39,1892.65,156.67
det_613_0_0,1189.39,2106.21,0.0
det_613_0_1,1293.41,1949.55,188.06
det_613_1_0,1192.06,2107.98,0.0
det_613_1_1,1296.08,1951.32,188.06
det_613_2_0,1194.72,2109.75,0.0
det_613_2_1,1298.75,1953.09,188.06
det_614_0_0,1172.21,2144.9,0.0
det_614_0_1,1087.27,2186.42,94.55
det_614_1_0,1170.8,2142.03,0.0
det_614_1_1,1085.86,2183.55,94.55
det_614_2_0,1169.4,2139.16,0.0
det_614_2_1,1084.45,2180.67,94.55
det_618_0_0,1194.52,2143.59,0.0
det_618_0_1,1231.79,2273.8,135.44
det_618_1_0,1191.45,2144.47,0.0
det_618_1_1,1228.72,2274.68,135.44
det_618_2_0,1188.37,2145.35,0.0
det_618_2_1,1225.64,2275.56,135.44
det_621_0_0,801.2,961.45,0.0
det_621_0_1,723.88,927.3,84.53
det_621_1_0,802.5,958.53,0.0
det_621_1_1,725.17,924.37,84.53
det_621_2_0,803.79,955.6,0.0
det_621_2_1,726.46,921.44,84.53
det_623_0_0,848.45,952.72,0.0
det_623_0_1,994.53,936.66,146.95
det_623_1_0,848.8,955.9,0.0
det_623_1_1,994.88,939.84,146.95
det_623_2_0,849.15,959.08,0.0
det_623_2_1,995.23,943.02,146.95
det_625_0_0,809.68,981.73,0.0
det_625_0_1,713.78,1038.08,111.23
det_625_1_0,808.06,978.97,0.0
det_625_1_1,712.16,1035.32,111.23
det_625_2_0,806.44,976.22,0.0
det_625_2_1,710.53,1032.56,111.23
det_639_0_0,831.72,938.63,0.0
det_639_0_1,918.9,804.3,160.14
det_639_1_0,834.4,940.37,0.0
det_639_1_1,921.58,806.04,160.14
det_639_2_0,837.09,942.11,0.0
det_639_2_1,924.27,807.78,160.14
det_64_0_0,982.11,1341.46,0.0
det_64_0_1,1092.86,1325.22,111.93
det_64_1_0,982.58,1344.63,0.0
det_64_1_1,1093.32,1328.38,111.93
det_64_2_0,983.04,1347.79,0.0
det_64_2_1,1093.79,1331.55,111.93
det_642_0_0,399.17,1244.55,0.0
det_642_0_1,198.14,1193.99,207.29
det_642_1_0,399.95,1241.45,0.0
det_642_1_1,198.92,1190.89,207.29
det_642_2_0,400.73,1238.35,0.0
det_642_2_1,199.7,1187.78,207.29
det_650_0_0,428.35,1250.74,0.0
det_650_0_1,484.01,1423.56,181.56
det_650_1_0,425.31,1251.72,0.0
det_650_1_1,480.97,1424.54,181.56
det_650_2_0,422.26,1252.7,0.0
det_650_2_1,477.92,1425.52,181.56
det_674_0_0,409.05,1222.37,0.0
det_674_0_1,412.09,1054.62,167.78
det_674_1_0,412.25,1222.43,0.0
det_674_1_1,415.29,1054.67,167.78
det_674_2_0,415.45,1222.48,0.0
det_674_2_1,418.49,1054.73,167.78
det_679_0_0,866.92,1742.24,0.0
det_679_0_1,765.82,1708.9,106.46
det_679_1_0,867.92,1739.2,0.0
det_679_1_1,766.82,1705.87,106.46
det_679_2_0,868.92,1736.16,0.0
det_679_2_1,767.82,1702.83,106.46
det_684_0_0,1586.11,1070.19,0.0
det_684_0_1,1694.62,1045.43,111.3
det_684_1_0,1586.82,1073.31,0.0
det_684_1_1,1695.33,1048.55,111.3
det_684_2_0,1587.54,1076.43,0.0
det_684_2_1,1696.04,1051.67,111.3
det_686_0_0,1564.04,1066.64,0.0
det_686_0_1,1554.54,916.76,150.19
det_686_1_0,1567.23,1066.44,0.0
det_686_1_1,1557.73,916.55,150.19
det_686_2_0,1570.43,1066.24,0.0
det_686_2_1,1560.92,916.35,150.19
det_696_0_0,734.9,1597.31,0.0
det_696_0_1,761.43,1677.57,84.53
det_696_1_0,731.86,1598.32,0.0
det_696_1_1,758.39,1678.58,84.53
det_696_2_0,728.82,1599.32,0.0
det_696_2_1,755.35,1679.58,84.53
det_698_0_0,704.98,1576.74,0.0
det_698_0_1,620.19,1507.52,109.45
det_698_1_0,707.0,1574.26,0.0
det_698_1_1,622.21,1505.04,109.45
det_698_2_0,709.03,1571.78,0.0
det_698_2_1,624.24,1502.56,109.45
det_7_0_0,890.98,1545.35,0.0
det_7_0_1,893.76,1722.13,176.8
det_7_1_0,887.78,1545.4,0.0
det_7_1_1,890.56,1722.18,176.8
det_7_2_0,884.58,1545.45,0.0
det_7_2_1,887.36,1722.23,176.8
det_728_0_0,713.21,1601.2,0.0
det_728_0_1,658.94,1670.43,87.96
det_728_1_0,710.69,1599.23,0.0
det_728_1_1,656.42,1668.45,87.96
det_728_2_0,708.17,1597.25,0.0
det_728_2_1,653.9,1666.48,87.96
det_730_0_0,995.8,934.39,0.0
det_730_0_1,939.49,812.69,134.1
det_730_1_0,998.71,933.05,0.0
det_730_1_1,942.39,811.34,134.1
det_730_2_0,1001.61,931.71,0.0
det_730_2_1,945.3,810.0,134.1
det_732_0_0,675.59,1044.63,0.0
det_732_0_1,560.18,1025.87,116.93
det_732_1_0,676.1,1041.47,0.0
det_732_1_1,560.69,1022.71,116.93
det_732_2_0,676.62,1038.31,0.0
det_732_2_1,561.2,1019.56,116.93
det_734_0_0,682.95,1023.63,0.0
det_734_0_1,636.15,836.37,193.02
det_734_1_0,686.05,1022.85,0.0
det_734_1_1,639.25,835.59,193.02
det_734_2_0,689.15,1022.08,0.0
det_734_2_1,642.36,834.81,193.02
det_837_0_0,528.43,1024.87,0.0
det_837_0_1,429.25,1053.4,103.2
det_837_1_0,527.54,1021.79,0.0
det_837_1_1,428.36,1050.32,103.2
det_837_2_0,526.66,1018.72,0.0
det_837_2_1,427.48,1047.25,103.2
det_840_0_0,170.8,1176.37,0.0
det_840_0_1,-5.02,1034.74,225.77
det_840_1_0,172.81,1173.87,0.0
det_840_1_1,-3.01,1032.25,225.77
det_840_2_0,174.82,1171.38,0.0
det_840_2_1,-1.0,1029.76,225.77
det_846_0_0,173.41,1198.16,0.0
det_846_0_1,72.16,1224.15,104.54
det_846_1_0,172.62,1195.06,0.0
det_846_1_1,71.36,1221.05,104.54
det_846_2_0,171.82,1191.96,0.0
det_846_2_1,70.57,1217.95,104.54
det_848_0_0,475.58,1444.46,0.0
det_848_0_1,392.31,1489.17,94.51
det_848_1_0,474.07,1441.64,0.0
det_848_1_1,390.8,1486.35,94.51
det_848_2_0,472.56,1438.82,0.0
det_848_2_1,389.29,1483.53,94.51
det_867_0_0,1225.73,2292.49,0.0
det_867_0_1,1044.76,2434.32,229.92
det_867_1_0,1223.76,2289.97,0.0
det_867_1_1,1042.79,2431.8,229.92
det_867_2_0,1221.78,2287.46,0.0
det_867_2_1,1040.82,2429.28,229.92
det_870_0_0,666.64,1677.42,0.0
det_870_0_1,741.79,1687.93,75.88
det_870_1_0,666.2,1680.59,0.0
det_870_1_1,741.34,1691.1,75.88
det_870_2_0,665.75,1683.76,0.0
det_870_2_1,740.9,1694.26,75.88
det_876_0_0,928.04,771.4,0.0
det_876_0_1,919.09,673.63,98.18
det_876_1_0,931.23,771.11,0.0
det_876_1_1,922.28,673.33,98.18
det_876_2_0,934.41,770.81,0.0
det_876_2_1,925.46,673.04,98.18
det_880_0_0,950.18,773.08,0.0
det_880_0_1,1113.84,674.24,191.19
det_880_1_0,951.84,775.82,0.0
det_880_1_1,1115.5,676.98,191.19
det_880_2_0,953.49,778.56,0.0
det_880_2_1,1117.15,679.72,191.19
det_882_0_0,915.69,798.6,0.0
det_882_0_1,758.19,803.38,157.57
det_882_1_0,915.59,795.4,0.0
det_882_1_1,758.09,800.19,157.57
det_882_2_0,915.49,792.2,0.0
det_882_2_1,757.99,796.99,157.57
det_9_0_0,897.14,1521.2,0.0
det_9_0_1,1070.62,1527.78,173.61
det_9_1_0,897.02,1524.4,0.0
det_9_1_1,1070.5,1530.98,173.61
det_9_2_0,896.9,1527.6,0.0
det_9_2_1,1070.38,1534.18,173.61
